Country,region,income,population,land_area_skm,pop_density,pop_largest_city,gdp_capita,life_expectancy,hospital_bed,urban_pop,pop_age_65,death_crude,unemployment,tuberculosis,gdp_per_capita_growth,import_goods,pop_slum,remittances,specialists,nurse,physicians,v_employment_male,v_employment_female
Afghanistan,South Asia,Low income,37172386,652860,56.937760009803,4011770,563.825662667794,64.13,18586.193,25.495,2.58492693988024,244408.43795000002,1.54200005531311,70255.80954,-1.35017833585495,45.3320652802564,62.7,803546453.786557,11.151715800000002,11895.16352,10556.957624,85.9930009841919,95.5739974975586
Albania,Europe & Central Asia,Upper middle income,2866376,27400,104.612262773723,475577,5079.40111990631,78.333,8312.490399999999,60.319,13.7447359109736,22111.224464000003,13.8979997634888,515.94768,4.40251487024605,45.3977304984143,NA,1458210055.85311,333.3595288,10318.3803248,3439.0779248000003,54.9940013885498,54.6630001068116
Algeria,Middle East & North Africa,Upper middle income,42228429,2381740,17.7300750711665,2693542,4764.37563637977,76.499,80234.01509999999,72.629,6.36249654497986,199191.499593,12.1450004577637,29137.61601,-0.615183264336011,32.3410220592228,NA,1792000000,5122.3084377000005,94591.68096000001,77278.02507,27.2270007133484,24.3370006084442
American Samoa,East Asia & Pacific,Upper middle income,55465,200,277.325,NA,9271.71200951825,NA,NA,87.153,NA,232.953,NA,0,2.47043521275813,99.3710691823899,NA,NA,NA,NA,NA,NA,NA
Andorra,Europe & Central Asia,High income,77006,470,163.842553191489,NA,44569.7830090145,NA,192.515,88.062,NA,331.12579999999997,NA,2.31018,1.6227466770119,NA,NA,NA,63.999686600000004,309.0096768,256.6840998,NA,NA
Angola,Sub-Saharan Africa ,Lower middle income,30809762,1246700,24.7130520574316,7774200,3229.61973975117,60.379,NA,65.514,2.21637364776329,259787.913184,7.25299978256226,109374.6551,-5.28777959390334,23.2527213968366,55.5,1579247.15,NA,40431.6506726,6621.017853800001,53.6140007972717,80.5930042266846
Antigua and Barbuda,Latin America & Caribbean ,High income,96286,440,218.831818181818,NA,15134.8841569088,76.752,365.8868,24.599,8.79982551980558,608.1423759999999,NA,5.77716,6.4300264671072,47.8009709238472,NA,24706009.4559501,13.5185544,300.1812336,266.2019042,NA,NA
Argentina,Latin America & Caribbean ,Upper middle income,44494502,2736690,16.2585100979651,14966530,10043.5085520823,76.372,222472.51,91.87,11.1177888760774,338870.127232,9.48299980163574,12013.51554,-3.46737624314432,16.4199284119137,16.7,515857737.177991,22269.498250999997,114795.81516,176198.22791999998,23.2869992554187,18.9569997191429
Armenia,Europe & Central Asia,Upper middle income,2951776,28470,103.680224798033,1080324,4406.70643395879,74.797,12397.459200000001,63.149,11.2538176570131,29110.414912,17.7119998931885,915.05056,4.95169918007964,53.4824517351464,14.4,1488016543.51782,2558.0090816,16557.6922944,8557.198624,40.5260007381439,39.8360004425049
Aruba,Latin America & Caribbean ,High income,105366,180,585.366666666667,NA,24485.0832823881,76.01,NA,43.293,13.0734772127631,938.4949620000001,NA,9.166841999999999,0.855431101992977,75.237898220935,NA,56140340.1581912,NA,NA,NA,NA,NA
Australia,East Asia & Pacific,High income,24992369,7692020,3.24912948744283,4792281,56842.3055122125,82.4975609756098,94971.0022,86.012,15.6564752275591,162450.3985,5.38700008392334,1649.496354,1.3318775475184,21.3876035202283,NA,1861417361.33186,11274.057655899998,316433.3823828,89657.62455060001,12.7990001738072,8.33099953830242
Austria,Europe & Central Asia,High income,8847037,82522.998046875,107.206926667578,1900547,50019.8702125281,81.6414634146342,67237.48120000001,58.297,19.0015664595899,84046.8515,4.78599977493286,628.1396269999999,1.84705120008107,52.0344068166518,NA,3139372479.46887,9721.1242556,72349.29917859999,45510.0430317,8.12999999523162,7.13900005817413
Azerbaijan,Europe & Central Asia,Upper middle income,9942334,82670,120.265319946776,2285729,5768.99240538437,72.693,46728.969800000006,55.68,6.19518275071493,57665.5372,5.21999979019165,6263.67042,0.512193852983529,37.7191179640388,NA,1225790000,6724.0004842,69219.5235414,34267.2483644,48.5349998474122,61.9869995117188
Bahamas,Latin America & Caribbean ,High income,385640,10010,38.5254745254745,NA,27261.2144822129,73.554,1118.356,83.025,7.25760235662035,2591.5008,11.8500003814697,53.9896,0.544150188792798,41.2700712302306,NA,NA,NA,1210.369704,747.100372,12.8590000867843,6.52400022745133
Bahrain,Middle East & North Africa,High income,1569439,778.000030517578,2017.27369979138,564631,21438.409900445102,77.032,3138.878,89.287,2.42633387832394,3716.4315519999996,0.962000012397766,172.63829,-3.11062510562859,71.6572121891948,NA,NA,225.37144039999998,3914.8086416,1452.8296823,1.06999999284744,0.956999987363815
Bangladesh,South Asia,Lower middle income,161356039,130170,1239.57931166936,19578421,1203.21626488899,72.052,129084.8312,36.632,5.15839063962068,892782.963787,4.30800008773804,356596.84619,6.73701752220683,23.4439348097981,55.1,15562375118.6369,4695.4607349,49487.897161299996,85002.3613452,50.3939986228943,67.4660015106201
Barbados,Latin America & Caribbean ,High income,286641,430,666.606976744186,NA,16018.0411266686,78.981,1662.5178,31.147,15.8026939621338,2561.4239759999996,9.56799983978271,1.1465640000000001,-0.640057735871636,40.8905996112731,NA,108310000,49.302252,1727.6712993,713.3347925999999,20.3149992227555,11.182999946177
Belarus,Europe & Central Asia,Upper middle income,9485386,202988.0078125,46.7287999040892,2004672,6744.49866958786,74.1292682926829,104339.246,78.595,14.8451481743098,119515.8636,5.70800018310547,2940.46966,3.18981305431069,69.1440943074798,NA,1375400000,11784.643566399998,108496.6906838,38673.815799200005,4.65699982456863,2.29200004041195
Belgium,Europe & Central Asia,High income,11422068,30280,377.214927344782,2049510,47166.4843582889,81.4390243902439,70816.82160000001,98.001,18.7887437383395,109651.8528,6.32299995422363,1027.98612,1.0417195307113,82.7389120694672,NA,12313700384.011,10252.4482368,126797.51907480002,37960.1007912,11.9250002503395,8.16100001335144
Belize,Latin America & Caribbean ,Upper middle income,383071,22810,16.7939938623411,NA,4248.99905543377,74.365,497.9923,45.724,4.73645877657144,1793.155351,9.36800003051758,114.9213,1.07136952894078,58.0078191642862,10.8,92512738.7840345,40.1075337,649.1904237,431.4145602,26.0400006771088,28.9130001068116
Benin,Sub-Saharan Africa ,Low income,11485048,112760,101.853919829727,927545,897.198783313794,61.174,5742.524,47.312,3.25360529746338,103652.5582,2.125,6431.62688,3.97518359608362,44.1906620897664,61.5,198742396.014803,213.6218928,7057.561996,1805.4495456,81.8089981079102,94.3249969482422
Bermuda,North America,High income,65001,54.0000009536743,1203.72220096372,NA,79251.7816637313,80.5724390243902,NA,100,NA,442.0068,NA,0,-2.81561491083635,29.5925155775955,NA,1224886398.23913,NA,NA,NA,NA,NA
Bhutan,South Asia,Lower middle income,754394,38143.9990234375,19.7775277714448,NA,3128.00090457946,71.129,1282.4698,40.895,6.00301171280561,4709.681742000001,2.19700002670288,1124.04706,1.82227316600887,55.8915879319988,NA,58148515.7992805,21.651107800000002,1138.6823036,280.257371,62.9820003509521,84.0060005187989
Bolivia,Latin America & Caribbean ,Lower middle income,11353142,1083300,10.4801458506416,1814087,2559.51131656583,70.945,12488.4562,69.425,7.19194739218447,77144.59989,3.25799989700317,12261.39336,2.7521559420484,31.1211697950131,43.5,1391583100.27218,3845.3091953999997,8352.5065694,18291.0470762,54.0529985427857,63.7680015563965
Bosnia and Herzegovina,Europe & Central Asia,Upper middle income,3323929,51200,64.92048828125,342577,6032.24619878815,77.128,11633.7515,48.245,16.4703174710621,35110.662027000006,20.8390007019043,830.98225,4.48391430484476,55.7808947028023,NA,2121660432.56176,1073.6290669999998,20940.0879142,6648.855178700001,18.2509995698929,20.9669995307922
Botswana,Sub-Saharan Africa ,Upper middle income,2254126,566730,3.97742487604327,NA,8031.01380349216,68.812,4057.4268,69.446,4.22387434629301,13150.571084,17.9409999847412,6198.8465,2.18307407293796,37.7659524881694,NA,31587060.3306884,82.0501864,7439.5174504,831.3216688,22.7210001945496,28.5019998550416
Brazil,Latin America & Caribbean ,Upper middle income,209469333,8358140,25.0617162430876,21650181,11026.2412096851,75.456,460832.53260000004,86.569,8.92283783244003,1335995.4058740002,12.543999671936,94261.19985,0.32807790722056,14.2767004326273,22.3,2933489276.49,116192.63901510001,2033591.1255639,450338.1190167,30.7490006685257,23.1600003242493
Brunei,East Asia & Pacific,High income,428962,5270,81.396963946869107,NA,31436.8681969939,75.585,1158.1974000000002,77.629,4.87314756750582,1863.83989,9.22399997711182,291.69416,-0.99478850862225,41.964043494891,NA,NA,NA,2831.6639544,759.3056362,5.70200023055077,6.442999958992
Bulgaria,Europe & Central Asia,Upper middle income,7024216,108560,64.7035372144436,1272418,8651.09480143084,74.8121951219512,47764.6688,75.008,21.021914434268002,108875.348,5.26100015640259,1545.32752,3.84031545793022,64.3108705743695,NA,2395410000,7916.9938536,37248.7150264,28011.870986399997,9.46299999952316,6.80499994754791
Burkina Faso,Sub-Saharan Africa ,Low income,19751535,273600,72.1912828947368,2531381,712.036087765552,60.768,7900.614,29.358,2.40698082866355,164747.55343499998,6.05900001525879,9480.7368,3.81291202224394,37.2388430772549,65.8,455650092.233639,116.53405649999999,11250.474336,1185.0920999999998,83.6169986724854,90.0559997558594
Burundi,Sub-Saharan Africa ,Low income,11175378,25680,435.178271028037,898968,210.804225834169,60.898,8940.3024,13.032,2.24694046033717,90587.61406800001,1.52799999713898,12404.66958,-1.55740735383216,30.5033368824551,57.9,48328631.779466,44.701512,7599.257040000001,558.7689,91.9820003509521,97.0519981384277
Cape Verde,Sub-Saharan Africa ,Lower middle income,543767,4030,134.929776674938,NA,3759.55324881898,72.57,1141.9107,65.732,4.60932715666821,3089.684094,12.2760000228882,250.13282,3.86593584728266,68.2078053781849,NA,233492411.411054,87.22022679999999,667.3108624,418.3743298,26.7909994125367,30.9920003414154
Cambodia,East Asia & Pacific,Lower middle income,16249798,176520,92.0564128710628,1952329,1205.04094079918,69.289,12999.8384,23.388,4.56868001756576,97775.034566,1.04799997806549,49074.38996,5.90774125002211,63.3028853207448,55.1,1433190687.26554,682.491516,15513.6821506,2733.2160236,45.0269994735717,56.9009990692138
Cameroon,Sub-Saharan Africa ,Lower middle income,25216237,472710,53.3439889149796,3655656,1500.70389669986,58.511,32781.108100000005,56.374,2.72887735524057,239579.467737,3.36100006103516,46902.20082,1.37919198196641,23.6975689193905,37.8,333558920.318821,289.9867255,23544.4004869,2264.4180826,65.1069984436035,83.625
Canada,North America,High income,37058856,9093510,4.07530821431988,6082425,51391.7084172258,82.2489756097561,100058.9112,81.411,17.2320066788651,277941.42,5.92000007629395,2075.295936,0.471065971004833,34.0930504449183,NA,1351563682.71848,16257.720127199998,367090.20399360004,96731.0259312,12.0570003315807,9.25599986314774
Cayman Islands,Latin America & Caribbean ,High income,63382,240,264.091666666667,NA,76285.3841205598,82.190243902439,NA,100,NA,216.91376059573784,NA,4.626886,1.71766495706936,NA,NA,15584663.3835891,99.351285,NA,NA,NA,NA
Central African Republic,Sub-Saharan Africa ,Low income,4666377,622980,7.49041221227006,850946,378.995277100776,52.24,4666.377,41.364,2.82577370666008,59127.662967,6.48299980163574,25198.4358,2.22474284797838,46.9800224539673,93.3,NA,17.7322326,951.4742703,293.5151133,90.6510009765625,97.189998626709
Chad,Sub-Saharan Africa ,Low income,15477751,1259200,12.2917336404066,1322679,813.342478774863,53.712,NA,23.059,2.48051894434901,190515.63705899997,2.22900009155273,21978.40642,-0.415664166030837,37.8810921062285,88.2,NA,44.8854779,5629.258038700001,735.1931725,88.3150014877319,98.8400001525879
Chile,Latin America & Caribbean ,High income,18729160,743532.03125,25.1894460666519,6680371,15130.1543224458,79.909,41204.152,87.564,11.5298016568816,113798.37616,7.22300004959106,3371.2488,2.58767649434913,28.7191327028464,NA,66095534.5836223,11110.137712,16107.0776,20227.4928,23.4029994010926,25.0200004577636
China,East Asia & Pacific,Upper middle income,1392730000,9388210,148.348833270666,25582138,7752.5595253168,76.47,5849466,59.152,10.9208835350654,9902310.3,4.41699981689453,849565.3,6.08224115521752,18.7313138032856,25.2,24305605210.61,558902.549,3213445.929,2486719.415,41.4410014152527,46.8780002593994
Colombia,Latin America & Caribbean ,Upper middle income,49648685,1109500,44.7487021180712,10574409,7691.74556389965,76.925,74473.0275,80.778,8.47804701986958,273216.713555,9.0930004119873,16384.06605,1.02471485612077,20.8253458573742,13.1,6364341387.29322,11275.216363500002,62691.39454949999,103443.0351975,47.2260016202927,46.2930006980896
Comoros,Sub-Saharan Africa ,Lower middle income,832322,1861.00006103516,447.244477540227,NA,1401.37219852531,63.912,1831.1084,28.965,3.00700930649436,6074.285956000001,3.71000003814697,291.3127,1.14050990405651,29.8465449183026,69.6,162631155.345412,NA,766.9014908,141.41150779999998,54.8350009918213,78.1490001678467
Congo (the Democratic Republic of the),Sub-Saharan Africa ,Low income,84068091,2267050,37.0825923557045,13171256,418.738623106015,60.026,NA,44.46,3.01784062159803,814703.869881,4.15500020980835,269858.57211,2.39991066397216,37.3422312884634,74.8,1822706175.76018,159.72937290000002,39512.00277,7566.128189999999,69.5709981918335,90.3269996643067
Congo,Sub-Saharan Africa ,Lower middle income,5244363,341500,15.3568462664715,2229693,2651.70071944626,63.954,NA,66.916,2.68171953903232,35808.510564000004,10.3819999694824,19666.36125,-1.5492440284501,56.0218574027979,46.9,7704784.23041959,11.5375986,9141.449145300001,607.8216717,63.581000328064,91.3040018081665
Costa Rica,Latin America & Caribbean ,Upper middle income,4999441,51060,97.9130630630631,1357745,9889.74351494095,79.914,5999.3292,79.34,9.54984767296984,25022.202204999998,8.12800025939941,499.9441,1.61806178494115,33.2420840335805,5.5,533509663.136669,1272.8576786,3978.0552036999998,5747.8573177,21.0749990940094,18.4039998054505
Croatia,Europe & Central Asia,High income,4089400,55960,73.0771979985704,685587,15889.6039129594,77.8268292682927,22900.64,56.947,20.445433012423,53162.2,8.85000038146973,343.5096,3.51246071661235,51.3615432817724,NA,2884256726.15658,3322.22856,33178.93796,12252.66028,8.24899995326996,6.65300011634827
Cuba,Latin America & Caribbean ,Upper middle income,11338138,104020,108.999596231494,2136468,6816.89680904415,78.662,58958.3176,77.037,15.1862114171521,100081.744126,2.26399993896484,816.345936,2.2585896849249,12.5931035861752,NA,NA,11439.0474282,88324.09502,92859.35022,8.87300011515618,6.50500011444092
Cyprus,Europe & Central Asia,High income,1189265,9240,128.708333333333,NA,30926.4517164312,80.672,4043.501,66.81,13.7190617734483,8267.77028,8.10900020599365,64.22031,2.74515567885148,72.279571792955693,NA,497777154.886688,1003.9775129999999,6245.663000499999,2320.3749415,12.6820001602173,9.26899993419647
Czechia,Europe & Central Asia,High income,10625695,77220,137.602887852888,1291552,23358.8729537639,79.4756097560976,69067.0175,73.792,19.4208768932343,111569.7975,2.3970000743866,573.7875300000001,2.65491943973517,72.0030708959607,NA,3913327762.23342,13231.115413999998,89331.28043449999,45839.248230000005,16.0420002937317,11.2349995970726
CÃ´te d'Ivoire,Sub-Saharan Africa ,Lower middle income,25069229,318000,78.8340534591195,4920776,1692.54454993513,57.017,NA,50.779,2.85894301500285,257260.42799800003,2.48000001907349,35598.30518,4.72569209854963,29.2470562631073,56,325292800,704.4453348999999,21351.4623393,5831.102665400001,63.8090019226074,84.6220016479492
Denmark,Europe & Central Asia,High income,5797446,41990,138.067301738509,1320826,63873.4640136784,81.0048780487805,14493.615,87.874,19.8129526369902,47539.057199999996,4.97499990463257,313.062084,1.81793289835595,49.5945167161173,NA,1375504604.61301,3999.0782508,59716.0127784,25837.4775882,6.30299991369247,3.77799996733666
Djibouti,Middle East & North Africa,Lower middle income,840198,23180,36.2466781708369,484925,1343.26872994437,60.062,1176.2772,76.999,3.82397958576431,7692.852888,12.4770002365112,5217.62958,NA,NA,NA,32641049.7352592,NA,672.1584,192.405342,42.9349989891052,58.7269992828369
Dominica,Latin America & Caribbean ,Upper middle income,71625,750,95.5,NA,6694.34637135228,NA,272.175,70.483,NA,587.325,NA,4.584,2.02613137595806,65.095817562071,NA,49178680.7409728,8.0578125,422.5803375,77.5340625,NA,NA
Dominican Republic,Latin America & Caribbean ,Upper middle income,10627165,48310,219.97857586421,3172152,7697.72362298411,73.689,17003.464,81.074,7.08281747649721,65038.249800000005,5.8289999961853,4782.22425,5.83455956557802,28.504535080793,12.1,6814200000,NA,3293.3584335000005,16578.3774,47.89399933815,28.3510007858277
Ecuador,Latin America & Caribbean ,Upper middle income,17084357,248360,68.7886817522951,2898796,5185.09146085163,76.584,25626.5355,63.821,7.15728972666108,87147.30505699999,3.91000008583069,7517.11708,-0.397089902803245,23.0467920375474,36,3039078508.88019,10146.3996223,20501.2284,35022.93184999999,38.860999584198,56.613998413086
Egypt,Middle East & North Africa,Lower middle income,98423595,995450,98.8734692852479,20076002,2907.31758471118,71.656,157477.752,42.704,5.22977934620923,577057.537485,11.4359998703003,11810.8314,3.19443129839827,29.3662955784919,10.6,25515700000,49290.536376,137684.76704550002,77774.32476900001,17.9289999008179,34.4950008392334
El Salvador,Latin America & Caribbean ,Lower middle income,6420744,20720,309.881467181467,1106698,3511.45378240851,72.872,8346.967200000001,72.023,8.28709000480629,45015.836184,4.3899998664856,4494.5208,2.01797814423728,48.6179529493035,NA,5388142173.92786,1429.2576144,14626.454832000001,10074.147336,29.9999995231629,44.6109986305237
Equatorial Guinea,Sub-Saharan Africa ,Upper middle income,1308974,28050,46.6657397504456,375896,10254.993251219,58.061,2748.8453999999997,72.143,2.45787734677897,12490.229908,9.16199970245361,2631.03774,-9.49735268324022,43.3468044957638,66.2,NA,NA,654.487,523.5896,47.6570014953613,69.7730026245117
Eritrea,Sub-Saharan Africa ,Low income,3213972,101000,31.8215049504951,694486,715.87254227157,62.732,2249.7804,35.771,4.08385636215873,27434.464991999997,6.90700006484985,5045.93604,7.2076052658756,23.1535693619993,NA,NA,NA,NA,NA,72.0790023803711,87.8690013885498
Estonia,Europe & Central Asia,High income,1320884,43470,30.3861053600184,437027,19954.1301112109,77.6414634146342,6604.42,68.88,19.6263568469749,15586.4312,5.50799989700317,171.71492,4.48356857067742,70.7437935394783,NA,566495675.065615,858.3104232000001,8523.1360984,4576.9951484,7.00300021469593,3.92700004577636
Eswatini,Sub-Saharan Africa ,Lower middle income,1136191,17200,66.0576162790698,NA,4773.9173821739,58.319,2386.0011,23.799,4.01458794083506,11183.528013000001,22.4769992828369,3738.06839,1.32064533880811,43.9119686281662,32.7,125680415.374049,1.9315247,2272.382,90.4408036,27.5509994029998,40.8279995918274
Ethiopia,Sub-Saharan Africa ,Low income,109224559,1000000,109.224559,4399674,570.305676779185,65.872,32767.3677,20.763,3.50113299760986,730821.5242689999,1.80900001525879,164929.08409,4.0480702388884,22.798726646213,73.9,436325463.090782,589.8126186000001,91748.62956,10922.4559,83.0069999694825,89.4140014648437
Faroe Islands,Europe & Central Asia,High income,47814,1396.00006103516,34.2507148348869,NA,48530.2338492813,80.5878048780488,NA,40.926,NA,344.26079999999996,NA,NA,NA,47.3353102993801,NA,146392824.275992,NA,NA,NA,NA,NA
Fiji,East Asia & Pacific,Upper middle income,883483,18270,48.3570333880679,NA,4795.19449948042,67.252,2032.0109,56.248,5.44968041263952,7226.890939999999,4.15199995040894,477.08082,2.82031929190161,NA,NA,284669971.124931,47.9731269,2595.673054,739.8286642,40.6909999847412,48.636999130249
Finland,Europe & Central Asia,High income,5518050,303910,18.1568556480537,1279096,48749.0831062822,81.4292682926829,24279.420000000006,85.382,21.7207875455222,54076.89000000001,7.75500011444092,259.34835,1.49020814289361,39.2931632352753,NA,949728778.873628,4210.27215,81242.25015,21012.734399999998,11.2180004417896,7.06999999284744
France,Europe & Central Asia,High income,66987244,547556.9921875,122.338395739199,10900952,43663.5849237297,82.5243902439024,435417.086,80.444,20.0346247469881,602885.196,9.18000030517578,5961.864716,1.53946311803286,32.1109689812119,NA,27010261605.3563,39274.6211572,649019.3109428,216697.0356156,8.49299997091294,6.25
Gabon,Sub-Saharan Africa ,Upper middle income,2119275,257670,8.22476423332169,813489,9042.45986720758,65.839,13351.4325,89.37,3.56390746835592,14830.686450000001,19.488000869751,11126.19375,-1.75503918821659,21.5123688593313,37,18460000,NA,5469.001065,765.2702024999999,27.1150003671646,39.4000016450882
Gambia,Sub-Saharan Africa ,Low income,2280102,10120,225.30652173913,437161,786.373247321282,61.44,2508.1122,61.27,2.58998093938232,18341.140488,8.90499973297119,3967.37748,3.45318886171901,41.5109863180911,34.8,203603173.217818,41.4978564,3714.7421784000003,245.5669854,64.1199989318847,83.1069965362549
Georgia,Europe & Central Asia,Upper middle income,3731000,69490,65.2752020714511,1077333,4721.30288680934,73.414,9700.6,58.632,14.8654914310525,48197.058,14.1059999465942,2984.8,4.71584540337722,61.1971488341745,NA,2034288455.76,4866.7164,15265.0134,19019.1456,48.8809995651245,49.6630001068115
Germany,Europe & Central Asia,High income,82927922,349360,237.3709697733,3552123,47477.8381544914,80.990243902439,688301.7526,77.312,21.4619619953309,937085.5186000001,3.42499995231628,6053.738306,1.19576289074608,41.254735570526,NA,18031927237.381,89562.15576,1094374.9082574002,349018.74532140006,6.42500014603138,5.13999992609024
Ghana,Sub-Saharan Africa ,Lower middle income,29767108,227540,130.821429199262,3064718,1807.06353938242,63.463,26790.3972,56.06,3.06889800693396,220693.338712,6.71000003814697,44055.31984,3.95866714679696,36.4138216028432,37.9,3520561671.92167,NA,35720.5296,5358.0794399999995,60.3020009994506,78.1339960098266
Greece,Europe & Central Asia,High income,10727668,128900,83.2247323506594,3155600,23558.0839659892,81.3878048780488,46128.9724,79.058,21.6552720778435,124440.9488,19.2070007324219,482.74506,2.19102952443156,36.3904688555073,NA,489699591.408584,17544.0282472,36182.2786304,49261.451455999995,28.3369996547699,24.28600025177
Greenland,Europe & Central Asia,High income,56025,410450,0.136496528200755,NA,49310.0067114908,71.2463414634146,NA,86.816,NA,498.6225,NA,56.025,3.48701139115857,45.0191491349158,NA,NA,NA,NA,NA,NA,NA
Grenada,Latin America & Caribbean ,Upper middle income,111454,340,327.805882352941,NA,9096.32995901451,72.388,412.37980000000005,36.272,9.62190679562869,1065.834602,NA,2.3405340000000003,3.63508314606946,55.1720799500312,NA,48455938.3565319,13.9986224,350.48939379999996,161.2850834,NA,NA
Guam,East Asia & Pacific,High income,165768,540,306.977777777778,NA,31477.266910582,79.631,NA,94.78,9.84991071859466,856.357488,5.61199998855591,81.22632,-1.16298305304063,53.6824324324324,NA,NA,NA,NA,NA,13.2390003800392,9.5680000782013
Guatemala,Latin America & Caribbean ,Upper middle income,17247807,107160,160.953779395297,2851104,3159.96747721481,73.81,10348.6842,51.054,4.81207250828785,82134.05693399998,2.72699999809265,4484.42982,1.15441380050436,27.6848354752307,34.5,9437674500,586.425438,16333.673228999998,6122.971484999999,29.2210001945496,44.912000656128
Guinea,Sub-Saharan Africa ,Low income,12414318,245720,50.5222122741332,1843121,896.828042811022,60.706,3724.2954,36.14,2.92602244847935,108190.78137000001,3.60700011253357,21849.19968,3.19829412987171,53.0245859191977,43.3,28430000,NA,4772.0638392,978.2482583999999,83.8190002441406,96.0610008239746
Guinea-Bissau,Sub-Saharan Africa ,Low income,1874309,28120,66.6539473684211,558399,622.079825379886,57.673,1874.309,43.36,2.82371633615269,18377.599745,4.05700016021729,6766.25549,1.24347414723864,32.4552944897155,82.3,127921034.93292,NA,2624.0325999999995,374.8618000000001,70.7999982833862,86.7399997711182
Guyana,Latin America & Caribbean ,Upper middle income,779004,196850,3.95734823469647,NA,3992.22625949241,69.624,1246.4064,26.606,6.45027124309697,5737.36446,12.1510000228882,646.57332,3.59447101901753,47.1231768121411,33.1,333692746.046296,68.39655119999999,1043.7095592,622.424196,53.1010007858276,63.988998413086
Haiti,Latin America & Caribbean ,Low income,11123176,27560,403.59854862119,2636763,730.296713024986,63.29,7786.223199999999,55.278,4.94940384843253,96081.994288,13.5260000228882,19576.78976,0.199179706745653,58.4729311903517,74.4,3142260452.55403,654.0427487999999,7568.2089504000005,2608.384772,82.7170007228852,87.5290019512177
Honduras,Latin America & Caribbean ,Lower middle income,9587522,111890,85.6870319063366,1363041,2219.31966487966,74.898,6711.265399999999,57.096,4.69061765907812,42453.547416,4.07600021362305,3547.38314,2.03037523829596,60.3559049549425,27.5,4776545983.26965,1311.5730096,8451.400642999999,3014.3169168000004,33.7459993362427,52.5349998474121
Hong Kong,East Asia & Pacific,High income,7451000,1050,7096.19047619048,7428887,38781.7854279926,84.6804878048781,NA,100,16.8750483265122,46941.3,2.77800011634827,4992.17,2.18271353755111,188.220901106377,NA,424573814.619567,2074.3584,NA,NA,7.60399976372719,4.11600008606911
Hungary,Europe & Central Asia,High income,9768785,90530,107.906605545123,1759497,16647.7472023211,76.0634146341464,68381.495,71.351,19.1577253832321,131878.5975,3.66300010681152,625.20224,5.30035453797181,80.5650745438455,NA,4234529334.65724,5440.236366499999,64889.1543625,31564.898092,5.99500006437302,5.32000005245209
Iceland,Europe & Central Asia,High income,353574,100250,3.52692269326683,NA,52103.1703035501,82.2048780487805,1131.4368,93.813,14.7950925565689,2298.231,2.91799998283386,9.546498,1.60130798235352,44.1312252976555,NA,168887014.120988,359.1251118,5544.2524644,1403.7241373999998,9.90999955683947,5.74400016665459
India,South Asia,Lower middle income,1352617328,2973190,454.938072575247,28513682,2100.80078047205,69.165,946832.1295999999,34.03,6.17995564947149,9752370.93488,2.55100011825562,2691708.48272,5.70911688548563,23.6396344113843,24,78790170928.6742,92248.50176960001,2850099.9718288,1051795.2342528,75.7070031166076,80.2360000610352
Indonesia,East Asia & Pacific,Lower middle income,267663435,1811570,147.75219008926,10516927,4284.65253543916,71.282,321196.122,55.325,5.85716561272863,1721878.877355,4.30000019073486,845816.4546,3.98560422637033,22.0559700304026,21.8,11215344812.1521,NA,550931.6482604999,101096.47939949999,41.7369990348816,55.8190002441406
Iran,Middle East & North Africa,Upper middle income,80673951,1628760,49.5309014219406,8780950,6952.44358365352,76.271,121010.9265,74.394,6.03870523995975,390058.55308499996,12.1000003814697,11294.35314,2.32769419892394,23.8384608001943,NA,1330000000,4049.8323401999996,150860.28837,91968.30414,41.1759998798371,42.605001449585
Iraq,Middle East & North Africa,Upper middle income,38433600,434128.0078125,88.5305700354617,6811955,5477.69614815968,70.294,53807.04,70.473,3.32359966279505,185480.55359999998,7.92799997329712,16142.112,-2.84164269387304,35.9484339574529,47.2,741700000,2936.32704,64564.60464,31580.88912,24.364000082016,35.1539993286133
Ireland,Europe & Central Asia,High income,4853506,68890,70.452983016403,1201426,76880.8076965505,81.9560975609756,13589.816799999999,63.17,13.8658017012923,30577.0878,5.69099998474121,339.74542,7.14204113178181,89.1849891528727,NA,623629069.001833,3493.0682682,69380.38291940001,14978.404866600002,15.390999853611,5.45999991893768
Isle of Man,Europe & Central Asia,High income,83598,570,146.663157894737,NA,90190.7520492508,NA,132.44258792350914,52.458,NA,NA,NA,NA,3.21458886576234,NA,NA,NA,43.805352,190.018254,121.13350200000001,NA,NA
Israel,Middle East & North Africa,High income,8883800,21640,410.526802218115,4010977,34745.7666176869,82.6024390243903,27539.78,92.418,11.9769860249625,45307.38,3.95000004768372,355.352,1.46819448325439,29.0185324309142,NA,939600000,6715.26442,46234.84872,28584.51488,9.05900008231401,7.29100020229817
Italy,Europe & Central Asia,High income,60431283,294140,205.450747943156,4209710,35431.8565490753,83.2439024390244,205466.36219999997,70.438,22.7516796025077,646614.7281,10.2049999237061,4230.18981,0.950146897238895,28.9543448380087,NA,9949656789.49635,86054.14699200001,354689.3293119,247351.2844473,19.695999622345,13.2429999113083
Jamaica,Latin America & Caribbean ,Upper middle income,2934855,10830,270.993074792244,589083,4855.26207081811,74.267,4989.2535,55.674,8.79664255070196,22181.63409,9.44499969482422,85.110795,1.45452492809596,51.0685283261114,NA,2501614918.92378,328.70376,3344.8542435,3873.7151145000003,39.8390005230903,30.5429995059967
Japan,East Asia & Pacific,High income,126529100,364560,347.073458415624,37468302,48919.798941967,84.099756097561,1695489.94,91.616,27.576369910355,1366514.28,2.4449999332428,17714.074,0.992931322487863,18.1928640768829,NA,4365520652.79914,47271.27176,1457412.78544,305162.88338,8.63699984550476,8.07800030708313
Jordan,Middle East & North Africa,Upper middle income,9956011,88780,112.14249831043,2064582,3266.74698529318,74.292,13938.415399999998,90.979,3.84649039799834,38260.950273,15.0249996185303,497.80055,0.129635568275077,54.5586978750823,12.9,4470140845.07043,2438.2270939,33736.938874600004,23332.9073796,9.90599992871284,1.69799995422363
Kazakhstan,Europe & Central Asia,Upper middle income,18276499,2699700,6.76982590658221,1829005,11165.5443580599,72.95,122452.54329999999,57.428,7.39184627103032,130676.96785000002,4.88500022888184,12428.01932,2.74027217125541,25.2912504856636,NA,618039381.045251,13369.2590185,155149.200011,59438.8300478,26.4790009036661,25.1669997572899
Kenya,Sub-Saharan Africa ,Lower middle income,51393010,569140,90.2994166637383,4385853,1202.13302276731,65.909,71950.214,27.03,2.33918661191556,286875.78182,9.3129997253418,150067.5892,3.89615298102062,23.0051779768841,56,2718738698.35364,1207.735735,79253.16072100001,10216.930388,39.564001083374,68.1310005187988
Kiribati,East Asia & Pacific,Lower middle income,115847,810,143.020987654321,NA,1762.30586135033,67.851,220.1093,54.057,3.95262717204589,740.957412,NA,404.30603,0.513904298601034,92.0147851405208,NA,17960000,9.499453999999998,559.3904089,23.4937716,NA,NA
South Korea,East Asia & Pacific,High income,51635256,97489.00390625,529.652103632681,9963497,26761.9413808055,82.6268292682927,593805.444,81.459,14.4185558323969,289157.4336,3.79500007629395,34079.26896,2.3321730201375,38.9937736107049,NA,7125100000,25626.5775528,360078.457716,122174.1792216,24.7529998421669,21.8290004730224
Kuwait,Middle East & North Africa,High income,4137309,17820,232.172222222222,2989270,33112.1304072421,75.311,8274.618,100,2.55047238400198,10761.140709000001,2.07599997520447,951.58107,-0.741360738908625,43.7670247605056,NA,27716388.9948714,NA,28834.5613446,10669.7061801,1.52600005827844,0.0330000016838312
Kyrgyzstan,Europe & Central Asia,Lower middle income,6315800,191800,32.9290928050052,996319,1087.20406151981,71.2,28421.1,36.351,4.49472797559656,34105.32,7.17000007629395,7326.328,1.5728332119447,68.3891768514591,NA,2688570122.3895,3161.68948,40609.96242,11848.440799999998,37.7579989433288,27.8269996643067
Laos,East Asia & Pacific,Lower middle income,7061507,230800,30.5957842287695,664754,1785.57679801882,67.277,10592.2605,35.004,4.0751499644481,45956.287556,0.609000027179718,11439.64134,4.61588222048862,41.8824634642904,31.4,238674068.190444,259.8634576,6889.2062292,3528.6350479,74.0849990844727,85.8870010375976
Latvia,Europe & Central Asia,High income,1926542,62180,30.9833065294307,637089,16268.9532242356,74.6804878048781,11173.9436,68.142,20.0436203206809,28512.821600000003,7.85699987411499,558.69718,5.47369057618796,61.4891823719436,NA,1237349320.48535,1302.7277004,9277.263001,6154.5310732,8.61999982595444,7.21399986743927
Lebanon,Middle East & North Africa,Upper middle income,6848925,10230,669.494134897361,2385271,6249.76665455924,78.833,19861.8825,88.593,7.00236813439294,29196.967275,6.16699981689453,753.38175,-0.342081302313773,39.6092335810864,NA,6939992568.5,5985.96045,18114.03684,15553.908674999999,31.4649994373322,15.1679997444153
Lesotho,Sub-Saharan Africa ,Lower middle income,2108132,30360,69.437812911726,NA,1411.67649658701,52.947,NA,28.153,4.90108749682213,30896.782592,23.5960006713867,12880.68652,0.33207349060136,84.1773440046277,50.8,629379095.589409,12.0163524,1371.9723056,142.50972319999997,61.1520004272461,46.8160009384156
Liberia,Sub-Saharan Africa ,Low income,4818977,96320,50.0309073920266,1418300,541.271324140142,63.295,3855.1816,51.151,3.25343179968014,37245.873233000006,2.03299999237061,14842.44916,-1.22975996453044,94.3321078431372,65.7,459924732.052864,28.913861999999998,485.2709839,179.7478421,67.6749982833862,88.2840023040772
Libya,Middle East & North Africa,Upper middle income,6678567,1759540,3.79563238119054,1157746,7536.7543225873,72.52,24710.697900000003,80.102,4.39204025898401,34054.013133,17.2870006561279,2671.4268,6.36824093250934,40.1212444439452,NA,NA,NA,45024.2272872,14413.0154427,6.10400003194809,4.34599995613098
Liechtenstein,Europe & Central Asia,High income,35994,160,224.9625,NA,141200.380010278,81.8414634146342,NA,14.464,NA,237.5604,NA,NA,NA,NA,NA,NA,NA,NA,NA,NA,NA
Lithuania,Europe & Central Asia,High income,2789533,62642.001953125,44.5313513780643,536055,17708.5280356416,74.6707317073171,20363.5909,67.679,19.7050331564608,39611.3686,6.00699996948242,1227.39452,5.08896661508804,73.6789110643871,NA,1386978491.32509,3652.0566035999996,22080.5484615,12098.204620999999,11.1410003304482,7.9520001411438
Luxembourg,Europe & Central Asia,High income,607728,2430,250.093827160494,NA,110742.316043137,82.6853658536585,2917.0944,90.981,14.1831541841472,4314.8688,5.46999979019165,48.61824,1.17800011729831,175.544290965783,NA,2063159711.70477,490.74036,7505.1977088,1839.3495648,5.9300000667572,6.56300014257431
Macao,East Asia & Pacific,High income,631636,30.3999996185303,20777.5002607232,632418,58641.6276638714,83.989,NA,100,10.4842029270023,2441.904776,2.02300000190735,378.9816,3.93160838930109,33.2109943193318,NA,22801205.4643616,NA,NA,NA,4.40200006216765,1.97699996829033
Madagascar,Sub-Saharan Africa ,Low income,26262368,581800,45.1398556204881,3058387,490.09731216025,66.311,5252.4736,37.191,2.98671712579162,162432.74607999998,1.65900003910065,61191.31744,1.81024820355464,33.8198379741594,77.2,425502225.716378,204.8464704,2781.1847712,4758.7410816,81.0499992370606,89.6510009765625
Malawi,Sub-Saharan Africa ,Low income,18143315,94280,192.440761561307,1029639,516.754055180455,63.279,23586.3095,16.937,2.64543493031032,123574.118465,5.42999982833862,32839.40015,0.801419696455682,36.1670266760313,66.7,181590994.663452,78.0162545,4586.630032000001,284.85004549999996,53.9149980545044,65.696999073028607
Malaysia,East Asia & Pacific,Upper middle income,31528585,328550,95.9628214883579,7563912,12120.0832647974,75.828,59904.3115,76.036,6.67175462547886,158084.32519,3.35999989509583,29006.2982,3.3345011012496,61.745411268396,NA,1685623018.93589,3603.7172655,128378.09240299999,47709.054822000006,20.1129996776581,24.5360007286072
Maldives,South Asia,Upper middle income,515696,300,1718.98666666667,NA,8033.32562707311,78.325,2217.4928,39.808,3.70334460612454,1486.751568,6.07499980926514,170.17968,2.88973083684236,77.1839483892858,NA,4217838.30868709,24.908116800000002,2037.2054784000002,535.2408784,14.5850002765656,32.4539999961854
Mali,Sub-Saharan Africa ,Low income,19077690,1220190,15.635015858186,2446749,777.860597486563,58.452,1907.769,42.356,2.50722975755683,190471.65696000002,9.56900024414063,10111.1757,1.79167665678075,34.0531709070044,56.3,1022074241.44512,200.315745,7287.6775800000005,2657.522217,85.5299987792969,95.0750026702881
Malta,Middle East & North Africa,High income,483530,320,1511.03125,NA,28594.3001417741,82.4536585365854,2272.591,94.612,20.3493242997122,3674.828,4.58300018310547,67.6942,3.34279731108256,123.982943699442,NA,276493697.596763,548.6131379999999,4327.5935,1849.98578,12.4060000292957,5.91000001877547
Marshall Islands,East Asia & Pacific,Upper middle income,58413,180,324.516666666667,NA,3066.98104378652,NA,157.7151,77.031,NA,216.12810000000002,NA,253.51242,2.99498220807803,85.2805068737064,NA,31450053,9.2993496,207.2726892,26.6012802,NA,NA
Mauritania,Sub-Saharan Africa ,Lower middle income,4403319,1030700,4.27216357815077,1205414,1334.46041821367,64.464,NA,53.672,3.14111215805009,32315.958141000003,10.3050003051758,4095.08667,0.714678742319364,76.2198848987709,79.9,60391856.6609151,NA,4553.4721779,788.194101,46.0010004043579,68.3079986572266
Mauritius,Sub-Saharan Africa ,Upper middle income,1265303,2030,623.30197044335,NA,10578.617321172,74.5146341463415,4302.0302,40.793,11.4741730686522,10122.424,6.86700010299683,164.48939,3.71722856647342,54.1888142175361,NA,244699351.422061,222.44026739999998,4280.646579300001,2561.7324538,18.1769993305206,13.1349997520447
Mexico,Latin America & Caribbean ,Upper middle income,126190788,1943950,64.9146264050001,21580827,10403.540397147,74.947,189286.182,80.156,7.22368498087198,748689.945204,3.32200002670288,29023.88124,0.991932458168463,41.1590154688671,11.1,35768416627,NA,365953.2852,283651.6532664,25.4760003089905,29.1809997558594
Micronesia,East Asia & Pacific,Lower middle income,112640,700,160.914285714286,NA,2728.62485534926,67.618,360.448,22.703,3.99680397727273,735.98976,NA,121.6512,-0.839033793843598,65.3767292666934,NA,23340000,7.8848,373.85215999999997,19.937279999999998,NA,NA
Moldova,Europe & Central Asia,Lower middle income,3545883,32890,123.51980353224,509707,2668.65769239385,71.717,20566.1214,42.629,11.4695563413512,40876.939224,3.41100001335144,3049.45938,3.4966089969686,54.998357631669,NA,1837620000,3053.7144396000003,15996.5419779,11347.534776600001,38.5629986524582,29.7589993476868
Monaco,Europe & Central Asia,High income,38682,2,19196,NA,195879.63737503,NA,533.8116,100,NA,305.5878,NA,0,5.30456543094968,NA,NA,NA,75.661992,783.794025,253.81967939999998,NA,NA
Mongolia,East Asia & Pacific,Lower middle income,3170208,1553560,2.04060866654651,1520381,4210.04229303741,69.509,22191.456,68.445,4.08353878726245,19969.140192000003,6.32000017166138,13568.49024,5.31725254619168,64.2328349644418,42.7,440554140.269688,1427.5446624,12632.010796800001,9151.122412800001,51.759000658989,45.5079989433288
Montenegro,Europe & Central Asia,Upper middle income,622345,13450,46.2710037174721,NA,8244.1275091604,76.667,2489.38,66.813,14.9749366447439,6591.87824,15.4619998931885,93.35175,5.08258777197874,66.7342964918413,NA,588907941.567453,399.04761400000007,3558.5064755000003,1452.3665265,16.025000333786,9.73199987411499
Morocco,Middle East & North Africa,Lower middle income,36029138,446300,80.7285189334528,3683566,3357.35910150118,76.218,39632.0518,62.453,7.0129048211122,182739.78793599998,9.03999996185303,35668.84662,1.64863051376007,49.2554358334041,13.1,6918197476.31305,1318.6664508,39556.390610200004,26203.9920674,44.4340000152588,62.8489980697632
Mozambique,Sub-Saharan Africa ,Low income,29495962,786380,37.508535313716,1635392,591.439276354777,59.309,20647.1734,35.988,2.8907644574499,264401.803368,3.17199993133545,162522.75062,0.458309215545086,84.2244178956122,80.3,296070198.903315,156.32859860000002,13084.4087432,2167.953207,72.7940006256104,92.7709980010987
Myanmar,East Asia & Pacific,Lower middle income,53708395,653080,82.2386154835549,5157461,1571.90721650413,66.558,48337.5555,30.579,5.78464193257209,440731.08936999994,1.56400001049042,181534.3751,5.55580423750402,27.9886720392633,41,2840459625.02317,1299.7431589999999,52602.002063,46404.05328,58.621000289917,60.9570007324219
Namibia,Sub-Saharan Africa ,Upper middle income,2448255,823290,2.97374558175127,404280,6044.52843251455,63.021,6610.2885,50.032,3.63603168074514,20149.13865,23.0949993133545,12828.8562,-2.4008197720197,44.9191890291428,33.2,53670691.329037,150.0780315,6793.907625,915.64737,18.4410004615784,31.7690000534058
Nauru,East Asia & Pacific,Upper middle income,12704,20,635.2,NA,10910.098281157,NA,63.52,100,NA,NA,NA,6.86016,7.13107682619648,101.735306704708,NA,6535565.31379847,3.8112,78.6974688,15.738985599999998,NA,NA
Nepal,South Asia,Low income,28087871,143350,195.939107080572,1329732,817.446886047779,70.169,8426.361299999999,19.74,5.72767077569198,179874.725884,1.26400005817413,42412.68521,4.90794694128547,46.2971031347845,54.3,8293841342.78156,831.4009815999999,75427.1687834,18276.777659699997,67.7149982452392,90.1990013122558
Netherlands,Europe & Central Asia,High income,17231017,33690,511.457910359157,1131690,55022.918199869,81.5609756097561,80985.77990000001,91.49,19.1961926333387,151632.94960000002,3.88000011444092,913.2439009999999,2.00369176009356,73.3313179310086,NA,2492057842.75642,8438.0290249,191338.3820731,60424.0073139,14.2550003826618,10.79399985075
New Zealand,East Asia & Pacific,High income,4885500,263310,18.5541756864532,1556875,37997.3539814059,81.6585365853659,13679.4,86.538,15.6524245271741,33954.225,4.52199983596802,356.6415,0.846632297432691,28.2741552092056,NA,452514256.39015,2100.765,53520.6525,14779.614599999999,13.6850004792214,10.8399995565414
Nicaragua,Latin America & Caribbean ,Lower middle income,6465513,120340,53.7270483629716,1047923,1860.43853312621,74.068,5818.9617,58.522,5.24749744838026,32644.375137000003,4.47900009155273,2650.86033,-5.01596554369522,51.2746732381436,NA,1504800000,1000.2148611,10199.3467575,6501.7198728,34.7440004348755,46.7099990844727
Niger,Sub-Saharan Africa ,Low income,22442948,1266700,17.7176505881424,1213781,403.485286590113,61.599,6732.884399999999,16.425,2.59500788269853,191415.90349199998,0.273000001907349,19525.36476,2.4953347016976,33.0366878691783,70.1,296677560.021195,92.0160868,6977.512533200001,1122.1474,87.4010009765625,91.2270011901855
Nigeria,Sub-Saharan Africa ,Lower middle income,195874740,910770,215.064988965381,13463421,2396.31091419546,53.95,NA,50.344,2.74737700532743,2372826.60036,6.02600002288818,428965.6806,-0.665579080187712,17.5074563282189,50.2,24311022415.6069,2683.4839380000003,284488.47237599996,74961.26299799999,72.7310018539428,85.1019973754883
Northern Mariana Islands,East Asia & Pacific,High income,56882,460,123.65652173913,NA,18577.7914891156,NA,NA,91.618,NA,NA,NA,54.0379,-20.0601037855457,54.875283446712,NA,NA,NA,NA,NA,NA,NA
Norway,Europe & Central Asia,High income,5314336,365123.0078125,14.5549195374975,1012225,92077.574309644,82.509756097561,20725.910399999997,82.248,17.0492221563211,40920.387200000005,3.91899991035461,217.88777599999997,0.577326046474269,32.6325314512612,NA,644347130.327083,3569.1080576,96320.74569920001,24624.507289600002,6.01999983936548,3.29899997264147
Oman,Middle East & North Africa,High income,4829483,309500,15.6041453957997,1446563,15796.7730860886,77.393,7727.172800000001,84.539,2.39278695625796,11890.187146000002,3.11299991607666,284.939497,-1.68210182403824,44.5244554965406,NA,39011703.5110533,1472.0264184,20768.7086932,9512.6326651,2.41399988532066,3.65499997138977
Pakistan,South Asia,Lower middle income,212215030,770880,275.289318700706,15400223,1197.84274427141,66.947,127329.018,36.666,4.31277431133756,1484231.91982,3.03800010681152,562369.8295,3.67671210995917,19.7492590168979,45.5,21194000000,11735.491159000001,106192.40101199999,206973.318759,55.0090007781983,74.7830009460449
Palau,East Asia & Pacific,High income,17907,460,38.9282608695652,NA,12260.2233356517,NA,85.9536,79.93,NA,184.4421,NA,19.51863,1.14323308949167,76.3032364313585,NA,2180000,NA,94.20335490000001,21.216213600000003,NA,NA
"Palestine, State of",Middle East & North Africa,Lower middle income,4569087,6020,758.984551495017,673638,2680.31812267179,73.74,NA,76.164,3.13330573708009,15850.162803,30.181999206543,35.181969900000006,-1.61856449743397,59.7356303751394,NA,2482392593.87508,NA,NA,NA,22.7290003299713,24.1239995956421
Panama,Latin America & Caribbean ,High income,4176873,74340,56.1860774818402,1783490,11723.9305639817,78.149,9606.807899999998,67.709,8.10473107966757,21084.854904,3.92199993133545,2171.97396,1.93696407326647,45.3073063942791,25.8,537877200,1095.1761006,5889.39093,6557.2729227,33.4990003108978,30.2090005874634
Papua New Guinea,East Asia & Pacific,Lower middle income,8606316,452860,19.0043633794109,366862,2416.93307958171,64.01,NA,13.169,3.44526925145617,64728.102636,2.36700010299683,37179.28512,-2.76011441200268,NA,NA,2875318.45211983,197.94526799999997,4410.7369499999995,455.2741164,69.6560001373291,87.2709999084473
Paraguay,Latin America & Caribbean ,Upper middle income,6956071,397300,17.5083589227284,3222199,5396.48081204328,73.992,9042.892300000001,61.585,6.43021500946081,38014.928015,4.71199989318848,2991.11053,2.34999034373892,34.4058889899134,NA,682869965.802626,1428.0813762999999,8117.0392499,9501.992986000001,35.7259993553162,42.6520004272461
Peru,Latin America & Caribbean ,Upper middle income,31989256,1280000,24.99160625,10390607,6453.56052508568,76.286,51182.8096,77.907,8.08839279183076,173957.57412799998,2.84400010108948,39346.78488,2.20561703131051,23.5370450811417,34.2,3224754054.74744,13716.992972799999,43185.4956,40626.35512,45.0879993438721,58.011001586914
Philippines,East Asia & Pacific,Lower middle income,106651922,298170,357.688305329175,13482468,3021.98686253681,70.952,106651.922,46.907,5.12256876829946,622740.5725580001,2.51500010490417,590851.64788,4.77073894578564,44.3747490184624,38.3,33808967986.2666,10195.9237432,25596.461279999996,135981.20054999998,31.3360004425048,37.8670005798339
Poland,Europe & Central Asia,High income,37978548,306190,124.035886214442,1767798,16659.3321065175,77.8512195121951,246860.562,60.058,17.5178167625452,402572.6088,3.67300009727478,6076.56768,5.13771369454139,52.153985217767,NA,7112000000,25772.242672800003,217317.04951080002,91140.9194904,18.5380004644394,13.4479997158051
Portugal,Europe & Central Asia,High income,10281762,91605.595703125,112.23945350807,2927316,23994.6624298675,81.1243902439025,34957.9908,65.211,21.9538575375873,108986.6772,6.8600001335144,2467.62288,2.6259683654019,43.4350262486775,NA,503789178.406594,8851.5689058,65520.528345,34295.8453272,14.5739997327328,9.7410002052784
Puerto Rico,Latin America & Caribbean ,High income,3195153,8870,360.220180383315,2454337,27340.6541656856,79.6345365853659,NA,93.578,18.6748502103569,28436.8617,11.4440002441406,30.353953499999996,-1.04108061898415,45.9429313889227,NA,NA,NA,NA,NA,17.4740001410246,6.89900007843971
Qatar,Middle East & North Africa,High income,2781677,11610,239.593195521103,693373,63260.5584959583,79.981,3338.0124,99.135,1.3700703387375,3251.780413,0.142000004649162,862.31987,-0.584669133443043,34.3908188549984,NA,467032967.032967,403.0649973,18366.8568956,2.2253416,0.14699999592267,0.0530000007711351
North Macedonia,Europe & Central Asia,Upper middle income,2082958,25220,82.5915146708961,584208,5394.28847819909,75.589,9165.015200000002,57.963,13.6701813815648,20756.67647,21.5520000457764,270.78454,2.6171769448899602,72.8953760972152,NA,344454462,1275.1868875999999,7897.9518486,5985.588108800001,20.6140000820159,16.7980003356933
Romania,Europe & Central Asia,Upper middle income,19473936,230080,84.6398470097357,1821380,11532.0634852715,75.309756097561,122685.7968,53.998,18.3387013938296,259003.3488,4.29500007629395,13242.27648,4.55997844505912,44.8530544040469,NA,6983986124.91678,11787.573460799998,118750.1143344,43983.8318496,26.2689990997314,23.8489999771118
Russia,Europe & Central Asia,Upper middle income,144478050,16376870,8.82207955488442,12409738,11729.0943743777,72.1190243902439,1184720.01,74.433,14.6747083203719,1863766.845,4.74399995803833,78018.147,2.26178050398569,20.769322518279,NA,8610210000,91194.54516,1245574.16466,579920.444895,5.86500018835068,4.59000012278557
Rwanda,Sub-Saharan Africa ,Low income,12301939,24670,498.659870287799,1057836,824.518848408768,68.341,NA,17.211,2.9381960775388,65298.692211999994,0.971000015735626,7258.14401,5.77276495542314,34.1339613183534,53.2,260527797.495626,92.2645425,10219.220727299999,1655.8409894000001,58.4590005874634,78.1430015563965
Saint Kitts and Nevis,Latin America & Caribbean ,High income,52441,260,201.696153846154,NA,16942.6664176757,NA,120.61429999999999,30.776,NA,424.77209999999997,NA,0,2.14672480942217,58.7535711260774,NA,25857329.9768192,17.557246799999998,208.6050539,132.30864300000002,NA,NA
Saint Lucia,Latin America & Caribbean ,Upper middle income,181889,610,298.17868852459,NA,8485.27171394218,75.907,236.4557,18.678,9.80653035642617,1302.32524,20.8680000305176,5.820448000000001,0.339234187154531,43.3927922256206,NA,42983521.5714017,42.8530484,288.71240969999997,19.1529117,32.1250007748604,25.6769998073578
Saint Vincent and the Grenadines,Latin America & Caribbean ,Upper middle income,110210,390,282.589743589744,NA,6852.60660188886,72.3,286.546,52.198,9.58978686338024,1009.7440200000001,19.7609996795654,6.94323,1.80809329953506,54.7493688285458,NA,46770931.6264951,25.998538999999997,284.352821,72.59532699999998,19.7559993267059,15.3120005130768
Samoa,East Asia & Pacific,Upper middle income,196130,2830,69.3038869257951,NA,3748.84406858747,73.046,NA,18.243,4.80041197375197,1038.70448,8.32499980926514,12.55232,-2.55617447750686,47.8120457103664,NA,147363459.226935,3.13808,364.11534500000005,66.860717,30.4879999756813,31.764000415802
San Marino,Europe & Central Asia,High income,33671,60,561.183333333333,NA,53337.5878675864,85.4170731707317,127.94979999999998,97.072,NA,255.89959999999996,NA,0,0.996584598022054,NA,NA,NA,38.0010906,295.5236328,206.9689028,NA,NA
Sao Tome and Principe,Sub-Saharan Africa ,Lower middle income,211028,960,219.820833333333,NA,1297.35857228489,69.933,611.9812,72.803,2.9256781090661,1035.7254240000002,13.3190002441406,261.67472,0.74150891054461,NA,86.6,17776130.4760228,NA,476.92328,67.52896000000001,42.7399981021881,54.967999458313
Saudi Arabia,Middle East & North Africa,High income,33699947,2149690,15.6766543082956,6906595,20819.7445742964,74.874,90989.8569,83.844,3.31408802294981,116130.017362,5.91900014877319,3369.9947,0.607923521071328,26.6643339172916,NA,334914666.666667,NA,192089.6979,80542.87333,3.26199989579618,1.14800000563264
Senegal,Sub-Saharan Africa ,Lower middle income,15854360,192530,82.3474783150678,2978419,1546.52015893317,67.38,NA,47.192,3.08682370101833,92668.7342,6.46400022506714,18708.1448,3.83706200836902,36.0852109664234,39.4,2427531906.29455,166.47078,4960.829244,1097.1217120000001,60.0330009460449,72.9060001373292
Serbia,Europe & Central Asia,Upper middle income,6982084,87460,79.8317402241024,1389351,6886.50034784975,76.0878048780488,39797.878800000006,56.092,18.3457926916963,103334.8432,13.5100002288818,1186.95428,4.97196452481579,59.2929135991213,NA,4323832954.6104,6054.8632448,42732.448705200004,21819.0125,29.416999578476,24.170000076294
Seychelles,Sub-Saharan Africa ,High income,96762,460,210.352173913043,NA,14385.3018089603,74.3,348.3432,56.691,7.59454560435034,754.7436,NA,17.41716,2.64314769997245,102.082637916792,NA,22713694.6426079,46.9973034,315.5699106,91.5174996,NA,NA
Sierra Leone,Sub-Saharan Africa ,Low income,7650154,72180,105.987170961485,1135949,472.825438057198,53.895,NA,42.055,2.96655621131612,91824.79846199999,4.31300020217896,22797.45892,1.25932772139537,39.2285313088917,75.6,62085874.7375213,9.9452002,7621.083414799999,191.25385,80.4620022773742,91.7790026664734
Singapore,East Asia & Pacific,High income,5638676,709.000015258789,7952.9984184018,5791901,58247.8726396071,82.8951219512195,13532.822400000001,100,11.4633801933791,28193.38,3.76799988746643,2650.17772,2.65615000756203,149.815981896454,NA,NA,1773.363602,40677.9725316,13004.478458799998,12.322999894619,6.63599979877472
Slovakia,Europe & Central Asia,High income,5447011,48080,113.290578202995,429920,20599.1468427086,77.1658536585366,31592.663800000002,53.726,15.629246504777,53925.408899999995,6.75600004196167,315.926638,3.88513015157766,94.0648049902185,NA,2114125125.52412,2935.938929,49963.797799700005,13423.069207300001,14.8509997874499,8.5090004503727
Slovenia,Europe & Central Asia,High income,2067372,20141.9995117188,102.639859503382,NA,26768.3926429479,81.1756097560976,9509.911199999999,54.541,19.6068796541788,20466.9828,5.51000022888184,109.57071599999999,4.06866106600938,77.0982546080683,NA,608128533.030184,1378.937124,20012.16096,6192.3993516,11.8909995555878,9.06500005722046
Solomon Islands,East Asia & Pacific,Lower middle income,652858,27990,23.324687388353,NA,1482.60671759695,72.645,914.0011999999999,23.749,3.59895045928894,2796.843672,1.78999996185303,483.11492,1.17903612266359,53.3190481644513,NA,19331180.1939284,16.32145,1391.0445406,130.5063142,76.6589984893799,84.9010009765625
South Africa,Sub-Saharan Africa ,Upper middle income,57779622,1213090,47.6301197767684,5485986,7433.61539826952,63.538,NA,66.355,5.31800500542302,548790.8497559999,26.9580001831055,300454.0344,-0.572080196712221,29.563251105531702,23,929043381.126846,6598.4328324,203216.70853620002,52585.23398220001,9.41099971532822,10.1899997591972
South Sudan,Sub-Saharan Africa ,Low income,10715658,NA,NA,321091,730.932042049014,56.855,NA,18.852,3.41203498655892,116007.713508,12.8380002975464,15644.86068,-12.1317982318954,28.9000000000001,95.6,1138720000,34.290105600000004,NA,NA,80.1999988555908,92.7149982452392
Spain,Europe & Central Asia,High income,46723749,499563.984375,93.5290582615872,6497124,32949.5819818571,83.3292682926829,140171.247,80.321,19.3785075224995,420513.741,15.4870004653931,4392.032406,2.06511204193984,32.4030334563585,NA,3355210687.77473,37332.275451,258415.03859430004,190123.60705589998,13.490999609232,8.76800030469894
Sri Lanka,South Asia,Upper middle income,21670000,62710,345.558922022006,599821,3936.45024606602,76.648,78012,18.476,10.4732197537841,142025.18,4.39900016784668,13868.8,2.13274609638485,30.1336493582251,NA,7043039552.3926,602.4259999999999,45842.885,20759.86,36.8699991703033,42.8010005950928
Sudan,Sub-Saharan Africa ,Lower middle income,41801533,NA,NA,5534079,1855.62629215613,64.881,33441.2264,34.642,3.58116052825144,303520.93111299997,12.8760004043579,29679.08843,-4.62984322829847,12.3456378998456,91.6,425214350.607035,1116.1009311,34695.27239,17138.628529999998,38.5520000457764,44.9539995193481
Suriname,Latin America & Caribbean ,Upper middle income,575991,156000,3.69225,NA,8040.94011128172,71.463,1785.5721,66.06,6.90636990225525,4191.4865070000005,7.63100004196167,218.87658,0.92786588679337,38.4140748770116,7.3,519054.09653287,NA,2360.5839153,706.4529615,13.3590004444122,9.88599991798401
Sweden,Europe & Central Asia,High income,10183175,407310,25.0010434312931,1582968,57921.3792813456,82.3073170731707,26476.255,87.431,20.0955249278002,92666.8925,6.44399976730347,560.074625,0.965620048897819,43.2869887657557,NA,3145713823.20929,11518.1892425,117548.462295,54985.07173,8.03399981558323,4.27299988269806
Switzerland,Europe & Central Asia,High income,8516543,39516.0009765625,215.521378417094,1370779,79214.3547914834,83.6024390243903,40027.7521,73.797,18.6232165647717,67280.6897,4.88299989700317,545.058752,1.9698872465396,53.9033954564242,NA,2565756334.56371,8070.276146800001,147189.7093604,36078.6311109,8.6269998550415,9.39300012588501
Tajikistan,Europe & Central Asia,Low income,9100837,138790,65.5727141724908,872653,1073.02183482136,70.647,43684.0176,27.134,3.02188755207627,45149.252357,10.9219999313354,7644.70308,4.69946434079498,40.9215394067741,NA,2183340530.606,3793.2288616,47624.680021,15474.1531511,48.47899928689,38.1879985630512
Tanzania,Sub-Saharan Africa ,Low income,56318348,885800,63.5790787988259,6047600,957.125935173965,64.479,39422.84359999999,33.776,2.60129917835952,372940.10045599996,1.932000041008,142485.42044,2.11505515987722,17.098663264222,50.7,412910078.031613,259.06440080000004,23236.950384800002,2247.1020852,77.5309982299805,88.1940002441406
Thailand,East Asia & Pacific,Upper middle income,69428524,510890,135.897206835131,10156316,6361.62499026563,76.683,145799.9004,49.949,11.9008931395893,524810.212916,0.665000021457672,106225.64172,3.80126980966607,56.4883209346758,25,7463334346.04821,9088.193791599999,205834.74510280002,56209.3330304,45.9560012817383,48.9389991760254
East Timor,East Asia & Pacific,Lower middle income,1267972,14870,85.270477471419,NA,2759.52650321924,69.007,7481.0348,30.578,4.31649229400603,7671.2306,2.99900007247925,6314.50056,0.810281644899845,59.9162921394844,NA,96320932.1295606,11.411748000000001,2117.6400372,912.5594484,67.3430004119873,79.343002319336
Togo,Sub-Saharan Africa ,Low income,7889094,54390,145.046773303916,1745744,676.173403625576,60.489,5522.3658,41.702,2.86946801108822,67593.75739199998,1.66799998283386,2840.07384,2.3752725065104,42.2890443313526,51.2,495210300,40.2343794,2350.9500120000002,384.1988778,69.6460018157959,85.2760009765625
Tonga,East Asia & Pacific,Upper middle income,103197,720,143.329166666667,NA,4054.94072244493,70.701,268.3122,23.131,5.95366144364662,742.399218,1.02699995040894,10.3197,-0.865346735208718,75.9221976120895,NA,183293154.328077,14.44758,405.770604,53.8997931,50.4960021972656,57.7900009155274
Trinidad and Tobago,Latin America & Caribbean ,High income,1389858,5130,270.927485380117,544417,15161.0684555798,73.245,4169.574,53.184,10.7349535163324,11481.616938,2.82999992370605,291.87018,-0.660494390281343,NA,NA,138708322.564014,429.4661219999999,4877.4286794,3710.5039026,21.963000908494,12.8730000257492
Tunisia,Middle East & North Africa,Lower middle income,11565204,155360,74.4413233779609,2290777,4401.05718965754,76.31,26599.9692,68.945,8.31567907898877,72560.089896,15.4779996871948,4047.8214,1.31525212464101,62.0400455204866,8,1902286980.83268,1334.6245416,30475.469060400002,14713.2525288,22.3050007820129,15.2960000038147
Turkey,Europe & Central Asia,Upper middle income,82319724,769630,106.960128893104,14750771,15068.982383455,77.161,222263.25480000002,75.143,8.4832129399716,444032.591256,10.8950004577637,13171.15584,1.30556428516834,30.6272671841141,11.9,1122000000,39208.8845412,216533.80200959998,144923.874102,24.9149994850159,34.6610002517701
Turkmenistan,Europe & Central Asia,Upper middle income,5850908,469930,12.4505947694337,810186,7647.93580378613,67.956,43296.7192,51.593,4.42663446194014,41289.857756000005,3.78299999237061,2691.41768,4.50761616187347,12.4971962092749,NA,1601946.29523696,3440.9189948000003,27093.2145848,13017.1001184,25.0339996814727,21.5590000152588
Turks and Caicos Islands,Latin America & Caribbean ,High income,32660,950,34.3789473684211,NA,21028.4081445193,NA,NA,90.228,NA,NA,NA,6.8586,NA,NA,NA,NA,NA,NA,NA,NA,NA
Tuvalu,East Asia & Pacific,Upper middle income,11508,30,383.6,NA,3636.05500647562,NA,NA,62.387,NA,NA,NA,31.0716,1.27085505735143,NA,NA,4043830.04731793,3.0001356,43.287341999999995,10.557439200000001,NA,NA
Uganda,Sub-Saharan Africa ,Low income,42723139,200520,213.061734490325,2986352,710.081948117871,62.516,21361.5695,23.774,1.94098692046317,289192.92789100006,1.74199998378754,85446.278,2.27461502218904,28.6900064634472,53.6,1230414827.38349,448.5929595,26928.3945117,3879.2610212000004,68.2330017089844,82.6130008697509
Ukraine,Europe & Central Asia,Lower middle income,44622516,579290,77.0296673514129,2956706,3110.19464582486,71.7809756097561,392678.1408,69.352,16.4346864392016,647026.482,9.38099956512451,35698.0128,3.86273257167309,53.8086877645976,NA,14694000000,38620.787597999995,314927.8689216,134202.21687,16.5899993181229,12.8960000574589
United Arab Emirates,Middle East & North Africa,High income,9630959,71020,135.609110109828,2785376,40782.4436240123,77.647,11557.1508,86.522,1.08500098484481,13762.640411,2.57500004768372,96.30959,0.207936371159946,67.9783656986559,NA,NA,NA,53795.6476863,23060.3682296,0.665999975055456,0.987999983131885
UK,Europe & Central Asia,High income,66488991,241930,274.82739222089,9046485,43324.5929697405,81.1560975609756,186169.17479999998,83.398,18.3958656741466,611698.7172,3.9539999961853,5319.11928,0.729787205725756,31.769657960321,NA,4389788198.85803,88629.825003,551047.4596098001,186554.8109478,15.9169999063015,9.5210000872612
US,North America,High income,327167434,9147420,35.766088580168,18819361,54579.0168374446,78.5390243902439,948785.5586,82.256,15.8076540556035,2780923.189,3.93300008773804,9815.02302,2.29172949198735,15.3252110810918,NA,6668000000,178993.30314139999,2797281.5607000003,848934.0577432001,4.07100018113851,3.33700007200241
Uruguay,Latin America & Caribbean ,High income,3449299,175020,19.7080276539824,1736989,14617.464002064,77.632,9658.037199999999,95.334,14.8145195308593,32633.817839000003,7.96099996566772,1138.26867,1.24731254757138,18.9879779084104,NA,104268963.496,1341.7773109999998,6656.8021401,17418.615020100002,25.7999991774559,21.5470008254051
Uzbekistan,Europe & Central Asia,Lower middle income,32955400,425400,77.4692054536906,2463969,2366.28520017032,71.388,131821.6,50.478,4.4191378781364,164777,5.22300004959106,23068.78,3.31412256339001,38.7365127489172,NA,7609613691.87164,16619.40822,397900.20406,78054.8649,39.3160004615783,41.0819997787475
Vanuatu,East Asia & Pacific,Lower middle income,292680,12190,24.0098441345365,NA,2875.43040562306,70.172,NA,25.274,3.64015306819735,1561.15512,5.40899991989136,134.6328,0.671832718327252,49.3913461173823,NA,35218649.7963142,9.36576,405.44960399999997,49.931208,67.2940006256103,75.1849994659424
Venezuela,Latin America & Caribbean ,Upper middle income,28870195,882050,32.7307919052208,2934560,7697.04878230852,72.246,23096.156,88.208,7.26698662012597,196721.50873,8.36499977111816,13857.6936,-18.1731060957544,36.4328206780193,NA,297082484.538939,5234.1663535,NA,NA,32.4719998836517,33.6610001325607
Vietnam,East Asia & Pacific,Lower middle income,95540395,310070,308.125245912213,8145361,1964.4759908863,75.241,248405.027,35.919,7.2749782978793,597414.089935,1.89100003242493,173883.5189,6.01808839754494,102.474860762582,27.2,15933968169.6574,NA,136823.39967949997,78333.56986049999,48.9649982452392,60.5549983978271
Virgin Islands (U.S.),Latin America & Caribbean ,High income,107268,350,306.48,NA,29290.7849834333,79.419512195122,NA,95.603,18.7224942959972,836.6904000000001,8.46199989318848,NA,-1.47476718596891,78.5732814526589,NA,NA,NA,NA,NA,11.876000136137,8.54300034046173
Yemen,Middle East & North Africa,Low income,28498687,527970,53.9778529083092,2779317,667.945436909641,66.086,19949.080899999997,36.642,2.87626975604452,170365.15088600002,12.9340000152588,13679.36976,-4.96800674719682,NA,60.8,3350500096,233.6892334,20804.04151,8845.9924448,43.8800010681152,66.1819992065429
Zambia,Sub-Saharan Africa ,Lower middle income,17351822,743390,23.3414789007116,2523844,1672.34542786224,63.043,34703.644,43.521,2.09967802593266,115094.635326,7.20900011062622,60037.30412,0.815169498674109,38.2368178350222,54,106965625.944343,256.8069656,15486.501135,1584.2213486,68.5060005187989,87.7830009460449
Zimbabwe,Sub-Saharan Africa ,Lower middle income,14439018,386850,37.3245909267158,1515016,1322.3440634317,60.812,24546.330599999998,32.209,2.93952365300113,116147.46079200001,4.91499996185303,30321.9378,4.67202925903057,25.5124757295663,25.1,1856034930,223.80477900000002,16671.2901828,1101.6970734000001,56.1839990615845,75.5540018081665
Kosovo,Europe & Central Asia,Upper middle income,1845300,10887,168.154679893451,NA,4161.32385261663,71.9463414634146,NA,NA,NA,12917.1,NA,NA,2.99194336916011,55.5775847829135,NA,1235727932.40525,510.59451,NA,NA,NA,NA
